time,x,y,z
25,-0.30290,-0.25252,-0.31989
57,-0.61177,0.12566,-0.36438
107,-0.35907,0.31691,-0.35727
157,-0.24454,0.18079,-0.32245
207,-0.49597,0.56145,-0.32199
258,-0.04356,0.31645,-0.32387
307,-0.07655,-0.10097,-0.14008
357,-0.29022,0.17755,-0.05040
407,0.08038,0.07889,-0.12679
457,-0.04799,0.17201,0.04945
507,-0.20856,-0.59319,0.05438
558,-0.05624,-0.00095,0.00104
607,0.00606,0.37137,-0.08081
658,-0.02969,0.65547,-0.03258
708,-0.10130,0.10594,0.06999
758,-0.30130,0.51639,0.12164
808,0.33940,0.23822,0.02023
857,0.22855,0.08736,0.03273
907,-0.13174,0.10484,0.17445
957,0.05798,-0.14900,0.12218
1007,0.00349,-0.24683,0.04140
1064,-0.13531,-0.41379,-0.04375
1110,-0.11650,-0.45996,-0.17291
1157,-0.24986,-0.18875,-0.26248
1207,-0.18449,-0.19263,-0.24014
1258,-0.20406,0.05608,-0.29968
1308,-0.14946,0.70193,-0.27002
1357,0.25255,0.19067,-0.13461
1410,-0.05031,0.03462,-0.06926
1457,-0.30666,-0.23260,-0.21648
1508,-0.15915,-0.19720,-0.34198
1558,-0.00702,0.12701,-0.27783
1608,-0.12587,-0.06784,-0.49620
1658,-0.40746,0.12999,-0.38571
1707,-0.28503,0.22241,-0.21400
1758,-0.17139,-0.18143,-0.21034
1807,-0.26198,0.13863,-0.07983
1858,-0.22079,0.01457,-0.11238
1907,0.28844,0.41904,-0.07741
1958,-0.07928,0.12413,0.06885
2007,-0.37306,-0.03424,-0.01268
2060,-0.18039,-0.08798,-0.23637
2107,-0.12659,0.09494,-0.31923
2157,-0.15060,-0.26265,-0.32780
2207,-0.30577,-0.51089,-0.16983
2257,-0.48676,-0.20708,-0.11563
2307,-0.06728,-0.35600,-0.05186
2357,0.08015,0.05153,-0.03096
2406,0.13872,0.46654,0.07297
2457,0.30363,0.36018,0.21802
2508,-0.00258,0.70990,0.38634
2558,0.17825,0.46704,0.25096
2607,0.19795,0.01102,0.08781
2659,0.09024,-0.13747,0.22847
2708,-0.16675,-0.36899,0.25269
2758,-0.05650,-0.20216,0.30397
2807,0.25185,0.10428,0.37059
2858,0.29877,-0.05843,0.24660
2908,0.06656,0.13669,0.18672
2957,0.22334,0.16866,0.10854
3008,0.15880,0.40601,0.00252
3058,0.22427,0.41652,-0.15083
3111,0.42801,-0.14369,-0.04967
3158,-0.20554,-0.67715,0.12773
3207,-0.27586,-0.51802,0.23927
3258,0.13303,-0.15379,0.22255
3307,0.21791,-0.24742,0.29779
3357,-0.08505,-0.30438,0.50888
3408,0.16672,0.04700,0.24721
3458,0.53142,0.22873,0.20018
3510,0.04149,0.05739,0.24599
3558,-0.07191,-0.29025,0.16240
3609,0.21735,-0.24597,-0.19978
3659,0.13831,0.15488,-0.15913
3709,0.15288,-0.23529,-0.01746
3758,0.06454,0.40666,0.24690
3808,-0.05785,-0.28012,0.08913
3858,-0.03937,0.03883,0.02361
3907,0.06435,-0.37683,-0.11342
3958,0.03006,-0.66550,-0.07607
4008,-0.07217,-0.09973,-0.01091
4058,0.08482,0.52271,0.00854
4111,0.26645,0.17314,0.15224
4157,-0.09299,-0.04935,0.35133
4207,0.00801,0.12886,0.26711
4257,0.56393,0.38284,0.02899
4308,0.21420,0.22527,0.10767
4358,-0.03966,0.08351,0.28606
4407,0.02745,-0.90228,0.17024
4458,-0.15994,-0.43066,-0.21933
4507,-0.02203,-0.48872,-0.32455
4557,-0.08195,-0.67453,-0.39314
4607,-0.48744,-0.10715,-0.25990
4657,-0.21045,0.94989,-0.28804
4707,0.84755,1.77782,-0.19493
4757,0.12064,-0.19289,0.23224
4808,-0.56403,-1.27106,0.23883
4858,-0.07076,-0.89409,0.00700
4908,0.27980,-0.51762,-0.08968
4958,0.37799,-0.09186,0.10719
5008,-0.01292,0.32463,0.18259
5058,0.16399,0.36925,0.20323
5112,0.06462,0.02657,0.21678
5156,-0.00642,-0.10783,0.13083
5207,0.06958,0.13229,0.14645
5258,0.18407,0.10368,0.20715
5307,0.12010,0.19249,0.35576
5357,0.03329,0.64081,0.36359
5408,0.19791,0.23279,0.29982
5458,0.00941,0.25758,0.28984
5508,-0.14789,0.08580,0.12396
5559,0.09889,0.42509,-0.15625
5607,0.26453,-0.02646,-0.39845
5658,-0.05801,0.10780,-0.15619
5709,-0.17818,0.61290,-0.14107
5757,0.55849,0.09464,-0.36472
5809,0.26384,-0.19975,-0.23665
5858,-0.32198,0.00018,-0.01047
5908,-0.09596,-0.01131,0.08614
5957,0.31155,0.21904,0.17989
6007,-0.04718,0.13493,0.25041
6058,-0.03424,0.59244,0.52220
6119,-0.00012,0.75151,0.48399
6157,-0.02412,-0.35817,0.37830
6207,0.20836,0.17082,0.14804
6258,0.06253,-0.26775,-0.04935
6308,0.14473,0.01462,-0.01300
6357,-0.05038,-0.07208,-0.23528
6409,0.01218,0.30663,-0.33066
6458,0.05560,0.21504,-0.20116
6508,-0.08496,0.04027,-0.21155
6558,0.08253,0.22826,-0.11522
6607,0.07285,0.01607,0.00276
6659,-0.02841,-0.38611,0.00078
6708,-0.00552,-0.40536,0.01440
6758,-0.07242,-0.41389,0.06355
6811,0.06653,-0.25388,0.03427
6858,-0.18282,0.67874,-0.08673
6909,-0.11166,0.62427,0.03354
6956,0.12505,0.28687,0.41100
7007,-0.14012,-0.07391,0.29564
7057,0.20099,-0.11914,0.03062
7110,0.07822,-0.57460,-0.00302
7157,-0.15021,-0.45537,-0.01950
7207,-0.00584,-0.34181,-0.11685
7257,-0.06488,0.56366,-0.23930
7308,-0.10388,0.35243,-0.09181
7357,-0.18788,0.04272,0.01662
7407,-0.26892,0.72650,-0.05161
7457,0.39952,0.14543,0.08069
7508,-0.04785,-0.33943,0.02524
7558,-0.04323,-0.50591,0.16191
7609,0.37415,-0.41472,0.18614
7657,0.13802,-0.81415,0.17752
7707,-0.17638,-0.59004,-0.04561
7758,-0.15569,0.54623,-0.04189
7807,-0.14204,0.89998,-0.23137
7859,0.24611,1.95749,-0.00838
7908,-0.18388,0.66730,0.09348
7957,-0.40108,-0.10205,0.29752
8007,0.05513,-0.17776,-0.03018
8057,0.18066,-0.20349,-0.06511
8110,-0.18098,-0.30284,0.06075
8156,0.12434,-0.38492,-0.00827
8206,-0.20096,-0.44954,-0.02740
8257,-0.39305,-0.32205,-0.01321
8308,0.13585,0.23752,-0.27844
8357,-0.15622,0.64302,-0.62332
8407,0.28117,0.29846,-0.40352
8457,-0.24876,-0.03647,-0.18359
8508,-0.45438,-0.22910,-0.22978
8557,0.01608,0.00601,-0.08980
8607,0.04684,-0.10573,-0.27689
8658,0.02303,0.03235,-0.34750
8708,-0.27911,-0.02208,-0.25682
8758,-0.04120,-0.50558,-0.26199
8807,-0.30411,-0.15399,-0.23753
8858,-0.04128,0.06245,-0.38106
8907,-0.06866,0.20476,-0.32222
8959,-0.03023,0.20503,-0.08641
9007,-0.36089,-0.33372,0.13049
9059,-0.42236,-0.31258,0.10782
9107,0.03233,0.43367,-0.05943
9167,0.20731,0.30142,0.07642
9207,-0.10519,-0.20619,0.14864
9257,-0.08847,-0.33818,-0.07193
9306,0.31874,-0.08771,-0.05823
9357,-0.02206,-0.17117,-0.09171
9407,-0.17380,-0.19197,-0.24870
9458,0.06488,0.96529,-0.43163
9507,0.25879,0.26512,-0.36540
9558,-0.52672,-0.54758,-0.11687
9608,-0.35825,-0.27043,-0.38425
9657,0.05484,0.14830,-0.50716
9708,-0.09828,-0.04224,-0.16945
9758,-0.36383,-0.20172,-0.10826
9809,-0.07341,0.16373,-0.29744
9858,0.07739,-0.20959,-0.22028
9907,-0.16197,-0.14500,-0.14548
9957,-0.25879,0.45906,-0.10031
10009,0.22299,-0.00391,-0.08504
10057,-0.02834,0.20412,-0.01643
10107,0.03111,0.19604,0.17451
10172,0.06848,-0.13730,0.23978
10208,-0.08861,-0.02235,0.26302
10257,0.01163,-0.19749,0.15620
10308,0.14310,-0.77475,0.21310
10359,-0.08446,-0.59192,0.07137
10408,0.20056,0.30473,-0.05264
10458,0.22079,1.28688,-0.10172
10507,0.07182,0.83611,-0.17174
10557,-0.06807,0.24751,-0.08662
10607,-0.19281,-0.15898,-0.01862
10659,-0.03339,-0.41902,0.31010
10707,0.18752,-0.50002,0.16405
10757,0.10376,-0.65819,0.02910
10807,0.05904,-0.04416,0.10242
10861,0.09799,-0.22000,0.19621
10907,-0.08093,0.63042,-0.05618
10957,-0.33823,1.08551,-0.39546
11007,-0.15512,0.39636,-0.24217
11057,-0.31282,0.04561,-0.24536
11107,-0.09068,-0.20111,-0.40100
11164,0.01039,-0.32481,-0.23189
11207,-0.10440,-0.63287,-0.22183
11257,-0.26456,-0.40550,-0.30046
11308,0.57117,-0.01709,-0.42337
11357,0.61156,0.43114,-0.12917
11408,-0.29160,-0.16344,0.03348
11458,-0.14378,0.16766,0.06549
11508,0.02930,0.28123,-0.05669
11557,0.03896,0.31137,-0.10986
11608,-0.21011,0.08452,0.04773
11657,-0.46538,-0.41838,-0.05099
11707,-0.07466,-0.48280,0.00095
11758,-0.03429,-0.42549,0.00162
11807,-0.05386,-0.07954,0.01703
11858,-0.10088,0.77702,-0.03439
11908,-0.43185,0.48419,-0.20767
11957,-0.00015,0.75801,-0.11357
12006,-0.18451,0.05312,-0.01668
12057,0.19679,-0.02495,0.24608
12108,-0.12378,-0.27853,0.10324
12162,-0.27682,-0.40694,-0.10922
12208,0.03711,0.13907,0.05225
12256,0.02431,0.33057,0.02177
12307,0.07056,0.04391,0.03683
12357,0.01451,-0.12564,0.23909
12408,0.01820,-0.07916,0.09552
12457,-0.02449,-0.12485,-0.00151
12508,-0.44806,-0.04417,0.05046
12558,-0.14171,0.36440,0.13907
12609,0.11430,0.26848,0.18317
12658,0.15089,0.15686,0.25023
12707,0.09521,-0.35738,0.40329
12757,0.07928,-0.19699,0.56178
12807,0.05309,-0.12488,0.47638
12857,-0.08299,-0.10419,0.21284
12907,0.23758,0.59067,0.26248
12958,0.53769,0.19057,0.25304
13007,0.19482,-0.08556,0.08655
13057,0.20547,0.12622,0.04749
13107,0.19489,-0.45200,-0.05394
13175,-0.07458,-0.53658,-0.09659
13207,-0.14981,-0.48090,-0.17056
13257,0.44414,0.06151,-0.15477
13307,0.02866,0.03809,-0.36884
13357,-0.09865,-0.01254,-0.35349
13408,0.06044,-0.40036,-0.18239
13457,-0.05727,-0.17213,-0.17545
13507,-0.04201,-0.09041,-0.05858
13560,0.18646,0.01465,0.16882
13609,-0.12041,-0.24162,0.10899
13658,0.06381,0.18071,-0.04108
13708,-0.00681,0.05930,0.07535
13758,0.10973,-0.00807,0.25999
13807,-0.01781,0.19778,0.20285
13858,0.03505,0.01326,0.23172
13907,0.09525,0.40253,0.00041
13957,-0.10530,0.14854,0.02644
14010,0.09157,0.01561,0.08305
14057,-0.01045,0.02556,-0.15167
14108,0.11472,-0.12289,0.10527
14162,0.18825,0.21880,0.32875
14207,0.04347,-0.52197,0.26085
14260,0.19646,-0.27673,0.29019
14308,0.20537,0.10367,0.48700
14358,0.05383,-0.01999,0.53171
14408,0.20087,0.57068,0.45821
14458,0.04770,0.12466,0.15269
14508,0.20418,0.18805,0.24245
14557,0.13547,-0.08824,0.35170
14607,0.07410,-0.07071,-0.09589
14658,0.15665,-0.10516,-0.22125
14708,0.08147,-0.01315,-0.05882
14757,-0.19434,-0.30632,-0.18909
14811,0.20961,0.13333,-0.33249
14858,0.10077,0.30124,-0.35681
14907,-0.14664,-0.09837,-0.13641
14958,-0.04695,0.09938,-0.38222
15008,-0.19861,0.03093,-0.76627
15058,-0.15910,0.26662,-0.48109
15107,-0.25717,0.02142,-0.50650
15157,-0.21292,0.03088,-0.58603
15214,-0.21704,-0.29091,-0.56674
15257,-0.32471,-0.21875,-0.29570
15307,-0.37737,-0.11298,-0.30490
15357,-0.14412,-0.21393,-0.33797
15409,-0.22060,-0.28465,-0.28882
15458,-0.21474,-0.15230,-0.18904
15508,0.08617,-0.36447,-0.14517
15558,0.05214,-0.36479,-0.05130
15608,-0.25238,-0.38606,-0.00990
15658,-0.06987,0.12767,0.03355
15710,0.24648,-0.19571,0.31795
15758,-0.06461,-0.21187,0.53244
15809,0.02072,0.30600,0.38954
15858,0.33644,0.26106,0.56885
15907,0.00728,0.19972,0.59358
15957,-0.10614,-0.29143,0.40125
16007,0.27695,0.20897,0.20950
16060,0.14034,0.75374,0.06609
16108,0.05014,-0.12653,0.07135
16158,0.06293,-0.03940,-0.00810
16214,0.00221,-0.40814,-0.28795
16257,0.06715,-0.52081,-0.34735
16307,-0.13103,0.00153,-0.51015
16357,-0.02757,0.16946,-0.58354
16408,-0.05516,0.30608,-0.53633
16457,-0.17252,0.61845,-0.59131
16507,-0.05263,0.46878,-0.20538
16558,-0.28453,-0.42522,-0.02443
16608,-0.35916,-0.35486,-0.13040
16658,-0.18346,-0.69197,-0.18993
16710,0.05386,-0.28441,-0.13617
16758,-0.21455,0.23555,-0.16258
16809,0.03600,0.25958,-0.03683
16858,0.12332,-0.01758,0.14085
16907,0.00105,0.17908,0.13171
16957,0.18355,-0.39912,0.17140
17008,0.03133,-0.06718,0.24217
17057,-0.15651,0.04070,0.29958
17108,0.12305,0.35422,0.64868
17156,-0.03494,0.22287,0.70395
17207,-0.05286,0.16856,0.39912
17263,0.18813,-0.14162,0.27344
17307,0.07597,-0.05130,0.19603
17357,0.00470,0.00635,0.13908
17408,0.22119,-0.18414,0.12231
17459,0.04736,-0.13565,0.01678
17508,-0.13734,0.17494,-0.17535
17558,0.06927,0.18422,-0.46558
17608,0.14993,-0.17970,-0.52080
17658,-0.15721,-0.11429,-0.31877
17708,-0.19069,-0.31612,-0.21710
17757,0.01184,-0.09505,-0.33255
17809,0.01898,-0.24799,-0.30875
17857,-0.06100,-0.34993,-0.06015
17908,-0.19426,0.35753,0.09570
17957,0.03152,-0.00780,0.12538
18010,0.14474,-0.23853,0.17723
18057,-0.07329,0.08372,0.20815
18112,-0.34369,-0.40269,0.20499
18158,0.25209,0.27768,0.28621
18209,0.07854,0.33614,0.30891
18258,-0.29758,0.66806,0.29671
18313,0.04439,-0.11833,0.11113
18358,0.18428,-0.30862,-0.07634
18408,-0.10248,0.13113,-0.15443
18457,-0.27951,-0.49217,-0.19142
18508,0.01459,0.16945,-0.09372
18557,-0.17702,0.77571,-0.33643
18608,0.15897,0.37317,-0.03505
18657,0.17566,0.33475,0.16476
18708,-0.25458,-0.19241,-0.06006
18758,-0.02914,0.22049,-0.18472
18809,0.24982,-0.01256,-0.13138
18858,-0.12930,-0.10468,0.07237
18908,-0.23386,0.03159,-0.00432
18958,0.08258,0.25797,-0.00294
19009,-0.18002,-0.07893,-0.01041
19058,-0.29066,0.76367,0.01384
19107,0.15317,0.37550,0.10846
19157,-0.01857,-0.08839,0.14844
19209,-0.18253,-0.24855,0.18842
19257,0.01157,-0.87584,0.28691
19313,0.20427,-0.64638,0.36243
19357,0.45937,-0.26657,0.33545
19407,0.28101,0.40457,0.21303
19458,-0.07874,0.35670,0.32751
19507,0.15431,0.79836,0.15248
19559,0.02773,0.00525,0.12381
19608,0.17300,-0.18079,0.05753
19659,-0.03127,-0.02861,-0.07219
19707,0.08340,0.07269,0.13429
19760,0.29004,0.07701,0.18712
19807,0.05206,-0.28459,0.05984
19860,0.00636,-0.15405,-0.00978
19908,0.16786,-0.16443,0.08650
19957,0.02980,-0.09459,0.09276
20008,0.12958,0.14896,0.20116
20058,0.43918,0.46640,0.17213
20108,0.21298,0.27211,0.23482
20158,0.10266,-0.17165,0.50958
20207,0.25528,0.17249,0.55385
20258,-0.02184,0.24097,0.50049
20308,0.07463,0.11372,0.52498
20361,0.03622,0.19569,0.29637
20408,0.15413,-0.10939,0.21404
20457,0.28688,-0.22496,0.17447
20507,-0.04834,-0.70813,0.04626
20559,0.08508,-0.73543,-0.08672
20607,0.26025,-0.36179,-0.28349
20658,0.06320,0.75964,-0.29745
20709,0.28157,0.74472,-0.22305
20758,0.05240,0.20132,-0.27911
20808,-0.27104,-0.23842,-0.02606
20858,-0.12024,-0.42979,0.21017
20907,0.11484,-0.10347,0.45674
20957,0.12480,0.19998,0.36496
21008,0.19731,0.09885,0.33588
21058,0.10208,-0.04663,0.25142
21107,-0.05479,-0.53065,0.04140
21157,0.07944,-0.59586,-0.08405
21207,0.14618,-0.14381,-0.23820
21259,-0.04449,0.11948,-0.49889
21307,0.22209,0.61330,-0.52936
21361,0.13570,0.60934,-0.36446
21407,-0.37149,0.09283,-0.22987
21458,-0.15906,-0.46335,0.10211
21507,-0.00354,-0.60173,0.14363
21559,-0.29980,-0.66846,0.01285
21608,-0.34056,-0.05070,-0.18152
21658,0.04631,0.06252,-0.22151
21708,-0.08138,0.47795,-0.37454
21758,-0.06639,0.54550,-0.38683
21809,-0.02429,0.01045,-0.33711
21858,-0.07973,-0.26805,-0.30083
21908,-0.53775,-0.02516,-0.30255
21957,-0.25128,0.34622,-0.30400
22008,0.13631,0.35036,-0.27292
22058,-0.34741,0.02412,-0.28378
22108,-0.15366,-0.03427,-0.13969
22156,0.33134,-0.02429,-0.07874
22207,0.29771,-0.17027,-0.01390
22258,-0.24408,-0.51622,-0.08467
22307,-0.12381,0.11890,-0.14662
22361,-0.00029,0.37466,-0.19749
22407,-0.18791,-0.13327,-0.15865
22458,-0.26357,-0.02765,-0.07018
22506,-0.26637,0.07632,0.04257
22557,-0.01874,-0.00877,-0.00786
22607,-0.07076,0.39526,-0.17403
22657,0.01083,0.21286,-0.22989
22707,-0.01758,-0.16699,0.00323
22759,-0.34120,0.20399,-0.08400
22807,-0.19382,-0.29222,-0.15173
22861,0.11479,-0.13789,-0.24139
22908,-0.26347,0.61761,-0.22142
22958,-0.17789,0.41920,-0.08272
23007,-0.17500,-0.08452,-0.11729
23057,-0.28595,-0.18530,-0.30234
23107,-0.06067,0.09836,-0.47743
23157,0.11014,-0.30092,-0.41676
23207,-0.09479,0.29326,-0.35995
23257,-0.37241,-0.00883,-0.31331
23307,-0.03778,-0.07562,-0.07509
23761,-0.29163,-0.04547,-0.15402
23766,0.24704,-0.28941,0.20956
23807,0.13046,-0.14735,0.16977
23857,-0.18195,0.30878,0.24951
23907,-0.06639,0.34464,0.15056
23958,0.06137,0.12874,0.08171
24007,0.02208,-0.14552,0.04704
24057,-0.05864,-0.35396,-0.03279
24107,0.26849,-0.83946,-0.00801
24157,0.06226,-0.12866,-0.04161
24207,0.13443,1.10098,0.07025
24257,0.41046,0.26584,0.21783
24308,-0.16008,0.40497,0.07556
24372,0.01120,-0.03331,0.26218
24407,0.27248,-0.34779,0.49069
24457,0.00803,-0.42540,0.34807
24507,0.11037,-0.84404,0.03177
24557,0.39450,-0.56223,-0.04604
24607,0.19031,0.25220,0.09789
24657,-0.05937,0.31265,0.17258
24707,-0.04648,0.29843,-0.01955
24758,0.22078,0.81592,-0.08867
24807,0.28831,0.34100,0.00433
24857,0.18420,0.09938,0.17352
24908,-0.02576,-0.12259,0.18771
24957,0.19795,-0.20753,0.32454
25008,0.17334,-0.04597,0.37230
25058,-0.02594,-0.00052,0.36273
25108,0.13643,-0.34094,0.24713
25158,0.25172,-0.32747,0.14630
25208,0.13268,-0.14890,0.16402
25258,0.26089,0.21492,0.08167
25307,0.15268,0.31761,-0.09669
25362,0.16779,0.23775,-0.09512
25408,0.08191,0.36134,-0.00223
25456,0.10248,0.02866,0.25356
25507,0.00902,-0.11220,0.13979
25558,-0.00282,-0.38654,0.13768
25608,-0.19725,-0.69429,0.08429
25657,-0.15851,-0.53073,-0.07082
25706,0.28755,-0.05215,-0.04669
25758,0.18520,-0.10411,-0.02274
25807,-0.15210,-0.34915,-0.07066
25857,-0.04985,-0.05933,-0.13167
25908,-0.09016,0.05618,-0.08066
25957,0.17918,1.26945,0.16942
26008,-0.40463,0.17616,0.17635
26056,-0.01750,-0.01828,0.32039
26106,0.06252,0.07051,0.17899
26157,-0.26682,-0.53156,0.05518
26207,-0.10754,-0.51683,-0.20299
26257,-0.06895,-0.57094,-0.37692
26307,-0.24237,-0.80789,-0.17264
26360,-0.35106,-0.56857,-0.12393
26407,0.24777,0.80054,-0.26222
26456,0.64577,2.48724,0.23198
26506,-0.57498,0.07507,0.11533
26557,-0.17293,0.03407,0.14372
26607,-0.03438,-0.30875,-0.07443
26658,0.03191,-0.44443,-0.14735
26708,0.03743,-0.37329,-0.12508
26757,-0.03473,-0.34402,-0.22185
26807,-0.16196,-0.58418,-0.13641
26857,-0.00079,0.04451,0.15950
26908,0.04271,0.47151,0.13580
26957,0.10229,0.90091,0.09880
27008,0.13672,0.87277,0.18170
27057,0.12500,0.03432,0.17329
27107,0.06438,-0.15175,0.24336
27157,-0.03520,-0.45177,0.27362
27207,-0.01494,-0.43129,0.10167
27256,-0.13077,-0.06348,-0.03221
27306,-0.08380,0.26254,-0.18637
27362,-0.14381,-0.01155,-0.34628
27412,-0.35855,-0.33304,-0.37640
27457,-0.31543,-0.29141,-0.52007
27507,-0.04897,0.06975,-0.63370
27557,-0.18758,0.23402,-0.46744
27607,-0.26450,0.01744,-0.34712
27657,-0.00198,0.11708,-0.44258
27707,-0.26852,-0.79466,-0.54939
27757,-0.10880,-0.22096,-0.38229
27808,-0.17046,-0.19638,-0.41042
27857,-0.13496,-0.06270,-0.49995
27907,-0.14656,0.24901,-0.38458
27958,-0.40758,-0.13873,-0.24753
28007,-0.07501,0.16064,-0.31972
28058,-0.02448,0.44359,-0.37610
28108,-0.07091,0.33980,-0.27913
28157,-0.24426,-0.01967,-0.20142
28207,-0.26814,-0.04279,-0.31409
28257,-0.17665,0.28676,-0.54941
28308,-0.08977,0.27190,-0.34987
28361,-0.28572,0.07916,-0.20726
28409,-0.62968,-0.09956,-0.31807
28457,-0.07176,0.02145,-0.40787
28507,-0.26826,-0.47624,-0.53520
28557,-0.35942,-0.56931,-0.53880
28607,-0.37982,-0.74664,-0.42322
28657,-0.22261,-0.35880,-0.42912
28707,-0.22473,-0.11688,-0.50453
28757,-0.50471,0.05806,-0.44614
28808,-0.25786,-0.19885,-0.24179
28857,0.17177,0.48384,-0.31311
28907,-0.27725,-0.01636,-0.28694
28957,-0.18097,0.65787,0.17073
29007,0.20273,0.15891,0.52670
29058,0.14117,0.21565,0.46732
29107,-0.02408,0.12312,0.16556
29158,0.03319,0.09995,0.11487
29207,0.10403,-0.03865,0.10760
29257,-0.44148,-0.32852,-0.04471
29307,-0.48055,-0.50276,0.24075
29361,-0.18245,-0.27171,0.27274
29409,-0.04701,-0.26863,0.11526
29457,0.34631,0.23940,0.24132
29508,-0.02216,-0.17650,0.33899
29558,-0.32768,-0.20015,0.17845
29607,0.39539,0.45911,-0.02505
29658,0.07796,-0.08966,-0.12207
29707,-0.16924,-0.48528,-0.01266
29758,-0.24205,-0.14754,-0.04382
29807,-0.16690,-0.10742,-0.13295
29857,0.09195,0.36668,-0.13568
29907,0.07039,0.13873,-0.19568
29957,0.19621,0.50757,-0.02003
30007,0.00206,0.14546,0.34433
30058,-0.10585,-0.06815,0.31161
30107,0.18883,0.23451,0.31755
30157,0.10007,-0.29459,0.30498
30208,0.12085,-0.42790,0.15599
30257,0.24948,0.12517,0.16544
30308,0.19208,0.05707,0.23918
30376,0.07294,-0.00360,0.25632
30406,0.05135,0.36580,0.20682
30457,0.15689,0.12373,0.10603
30507,0.23453,0.30743,0.08330
30557,0.23898,0.20485,0.28958
30608,0.08881,-0.32474,0.46210
30659,0.09445,-0.16035,0.47456
30708,0.17561,-0.02921,0.31471
30757,0.50595,0.21480,0.62468
30808,0.23123,0.18329,0.46098
30857,0.17435,0.30618,0.41669
30908,0.30545,-0.36554,0.48193
30957,0.20499,-0.31734,0.28223
31007,0.17596,-0.02501,0.07341
31056,0.31203,-0.60617,0.05960
31108,0.20189,-0.17297,0.10435
31157,-0.05968,0.24840,-0.04712
31207,0.28780,0.22047,-0.15987
31257,0.23186,0.24332,-0.01762
31308,-0.27596,-0.29150,-0.17824
31369,-0.12325,-0.27882,-0.28847
31407,0.04439,0.12079,-0.43166
31457,0.15363,-0.02631,-0.42747
31507,-0.18709,-0.11136,-0.29245
31558,-0.22404,0.32886,-0.23598
31608,0.05318,0.16673,-0.07652
31657,-0.05499,-0.06067,0.15141
31709,-0.21330,-0.09364,0.17703
31757,0.22437,0.08624,0.23346
31808,0.09604,0.13605,0.31451
31857,-0.29863,-0.48813,0.28230
31908,0.04140,-0.16667,0.23712
31958,0.18857,0.46681,0.02478
32008,0.16927,0.56857,-0.08061
32057,0.13893,0.02582,0.29430
32107,-0.33542,-0.48456,0.43445
32157,-0.29948,-1.00949,0.26749
32206,0.12186,-0.24290,0.13617
32257,0.14619,-0.11494,0.08080
32307,0.18019,0.60007,-0.09480
32360,0.20644,0.35385,-0.17558
32406,-0.02884,0.53879,-0.15175
32458,0.00143,0.01649,-0.15106
32507,0.15883,0.25572,-0.18765
32556,-0.18477,-0.06247,-0.26491
32607,-0.03459,-0.09624,-0.00055
32657,-0.09438,-0.29630,0.08907
32707,-0.17107,-0.61963,-0.16161
32757,0.01378,-0.58659,-0.07042
32807,0.00728,-0.52376,0.00223
32857,-0.07919,0.29298,0.00378
32907,0.30719,1.63559,0.14590
32958,0.40349,0.72144,0.25726
33007,-0.38675,-0.54552,0.26939
33057,-0.28882,-0.86406,0.17966
33107,0.10162,-0.87115,0.11526
33158,0.04889,-0.55771,0.09650
33207,-0.02948,0.22519,0.23364
33257,0.17926,0.45383,0.26521
33307,0.21162,0.49957,0.11655
33358,-0.04962,0.23338,0.01691
33412,0.03368,0.24631,-0.00400
33457,0.29124,0.46072,-0.04663
33506,-0.07263,0.03201,-0.15569
33558,-0.01515,-0.30965,-0.06653
33607,0.17706,-0.35966,0.00845
33657,-0.10324,-0.34299,-0.08948
33707,0.10129,0.05098,-0.20482
33757,0.03746,0.25136,-0.16063
33809,-0.12817,0.30235,-0.19089
33858,-0.00711,0.06674,-0.25298
33908,-0.03288,0.08397,-0.31795
33957,-0.11998,0.06174,-0.28705
34008,-0.06775,0.51816,-0.22580
34058,-0.00374,-0.07503,-0.13921
34108,-0.23097,-0.65134,-0.09862
34157,-0.08072,-0.48871,-0.03989
34207,-0.14528,-0.64191,-0.17766
34259,-0.06584,-0.28310,-0.14735
34306,-0.16624,1.12093,-0.06197
34356,-0.29826,0.39558,0.13440
34411,-0.03511,-0.17310,0.18207
34457,-0.04597,0.45422,0.00365
34507,-0.06198,0.07309,-0.12129
34557,0.31836,0.13803,0.11694
34607,-0.13762,0.30707,0.06558
34658,0.05304,0.08076,0.15654
34708,0.00748,-0.36702,0.07005
34758,-0.08635,-0.25351,-0.14130
34808,0.07310,0.30302,-0.22289
34858,0.15948,-0.31331,-0.28992
34907,-0.03038,-0.06918,-0.17308
34957,-0.07422,-0.30495,-0.19765
35007,-0.06204,-0.23305,-0.00204
35058,-0.06824,0.13699,-0.02190
35107,-0.06584,0.17839,-0.05463
35157,-0.11098,0.14767,-0.01421
35208,-0.05443,0.24648,-0.11266
35257,0.19792,0.15656,-0.26782
35307,-0.05284,-0.66919,0.01353
35357,-0.35677,-0.33507,0.09344
35407,-0.05087,-0.04144,-0.09947
35459,0.38536,0.39423,0.07019
35506,-0.18416,0.21681,-0.02919
35557,-0.19868,0.87354,-0.02065
35607,-0.05095,-0.51294,-0.06694
35657,0.05571,-0.31718,-0.14368
35707,-0.43044,0.01570,-0.36232
35757,0.21719,0.31308,-0.12245
35807,0.16286,0.04315,-0.04613
35857,-0.38812,0.45227,-0.19983
35908,-0.11972,0.27936,-0.13232
35958,0.25163,0.30034,-0.05840
36008,0.05902,0.12477,-0.03896
36060,0.02325,-0.36548,0.23785
36107,-0.16725,-0.28502,0.27306
36157,-0.17836,-0.27640,0.24625
36208,0.10695,-0.26886,0.28241
36258,0.16599,0.01616,0.43567
36308,-0.06000,0.24428,0.41064
36358,0.10901,0.32047,0.45985
36407,0.05518,0.17032,0.52275
36460,-0.19992,0.90282,0.21619
36507,0.18027,0.24803,-0.05385
36557,0.34808,-0.56703,0.18146
36608,-0.62909,-0.89745,-0.03052
36657,-0.18260,-0.71501,-0.28183
36707,0.45496,-0.22945,-0.20613
36758,-0.05467,-0.07320,-0.12935
36809,-0.02441,0.78526,-0.23900
36857,0.37660,0.34943,-0.16641
36908,0.20752,0.07036,0.00409
36958,-0.17036,-0.13625,0.08699
37008,0.14571,-0.25087,0.22011
37057,0.15924,-0.31612,0.16942
37107,-0.00845,-0.32829,0.17892
37157,-0.01849,-0.25850,0.08313
37213,0.09180,-0.28552,-0.05325
37256,-0.16634,-0.19807,-0.21764
37307,-0.05391,0.71863,-0.35693
37358,0.32950,0.69617,-0.34833
37407,0.04411,0.02884,-0.38475
37459,-0.29253,-0.01230,-0.29121
37507,-0.13216,0.01346,-0.09218
37557,-0.14383,-0.33746,-0.07463
37606,-0.05704,-0.15065,-0.04729
37657,-0.23102,-0.15808,-0.16620
37707,-0.08572,-0.02541,-0.10872
37757,0.18045,0.01407,-0.01393
37807,-0.16959,-0.28203,-0.11679
37857,-0.14464,0.09451,-0.02734
37907,0.24452,0.86047,0.14236
37957,0.20448,-0.00771,0.20029
38006,-0.13528,-0.22568,0.06084
38057,-0.21515,0.00864,0.03307
38107,-0.10712,-0.63383,0.02618
38158,-0.00626,-0.21184,-0.00578
38207,-0.14481,-0.20163,0.06197
38257,0.09976,-0.01294,-0.05420
38307,0.11613,0.11571,-0.25218
38360,-0.08087,0.10429,-0.23787
38408,0.16861,0.06052,-0.19145
38462,0.03625,0.17711,-0.35347
38507,-0.07826,0.14514,-0.35468
38557,-0.13644,-0.55164,0.01534
38607,-0.11218,0.08173,0.11723
38658,-0.13322,-0.14136,0.10574
38707,-0.10379,-0.42323,0.21083
38758,-0.10007,-0.23492,0.42926
38807,-0.18475,0.06485,0.37781
38858,0.14137,0.44275,0.38861
38909,0.16240,0.35817,0.38710
38958,-0.01175,0.22452,0.40195
39007,0.08865,0.16797,0.29288
39057,0.19127,0.33488,0.25871
39107,0.00856,-0.53305,0.23007
39159,0.07751,-0.28116,0.10770
39207,0.05785,-0.04999,-0.08511
39258,0.31252,0.15343,0.12544
39308,0.11505,0.41478,0.27011
39357,-0.11707,0.04926,0.29369
39406,0.12357,0.03490,0.35080
39456,0.11455,0.39705,0.07019
39509,0.31606,0.12936,0.06711
39557,0.23790,0.09309,0.02657
39607,-0.01994,-0.10686,-0.10641
39657,0.01897,-0.35149,-0.01720
39709,-0.02283,-0.28841,-0.08037
39757,0.05386,-0.22121,-0.21834
39807,-0.05292,-0.13997,-0.23094
39857,-0.19469,0.13573,-0.12956
39908,0.10251,0.62265,0.02786
39957,0.17368,0.79155,0.19093
40006,-0.09741,0.71327,0.31425
40058,-0.11696,0.04124,0.20703
40107,0.26714,-0.41055,0.09502
40158,0.16525,-0.39380,0.20189
40207,-0.00002,-0.68915,0.24875
40257,0.12003,-0.50264,0.30170
40306,0.22043,-0.11996,0.28957
40356,0.30023,0.22815,0.23869
40406,0.05150,0.51785,0.13956
40461,0.08191,0.35995,0.15349
40511,0.45639,0.24551,0.23997
40556,0.09271,-0.28827,0.04221
40606,-0.33519,-0.73805,-0.13112
40657,-0.05293,-0.43892,-0.43280
40707,-0.34248,-0.19582,-0.67584
40756,-0.26349,-0.02885,-0.60030
40807,-0.04323,0.16060,-0.53938
40856,-0.24907,0.09898,-0.51767
40907,-0.09430,0.03127,-0.37535
40957,-0.19696,0.15685,-0.28018
41007,-0.31938,-0.46165,-0.29752
41057,-0.19112,-0.34726,-0.35118
41107,-0.17215,-0.04619,-0.31636
41157,-0.14198,0.05916,-0.22028
41207,0.06859,0.18439,-0.19261
41257,-0.15614,0.03011,-0.22713
41307,-0.03149,-0.21083,0.20728
41357,-0.17258,-0.29984,0.26688
41407,-0.02031,-0.10539,0.14990
41457,0.00510,0.04288,0.08197
41510,-0.27089,-0.00763,-0.05370
41557,-0.19095,0.16499,-0.18953
41607,-0.09007,-0.20494,-0.25848
41657,-0.30365,-0.17754,-0.17429
41707,-0.44780,-0.13615,-0.21310
41757,-0.28889,0.04417,-0.33479
41806,-0.23552,0.12199,-0.37169
41858,-0.15871,-0.11163,-0.34741
41910,-0.19875,-0.05609,-0.34564
41957,-0.18109,-0.04988,-0.33224
42007,-0.09608,0.05812,-0.38039
42056,-0.08861,0.18214,-0.37404
42107,-0.35466,-0.18434,-0.43422
